"epoch","set","loss","acc"
1,"train",4.08798885345459,0.14256
1,"valid",3.55096292495728,0.2199
2,"train",3.64333820343018,0.20277
2,"valid",3.40620875358582,0.2459
